class,relation,newNode
家电品牌,包括,海尔(Haier)
家电品牌,包括,小米(MI)
家电品牌,包括,小天鹅(LittleSwan)
家电品牌,包括,创维(Skyworth)
家电品牌,包括,海信(Hisense)
家电品牌,包括,TCL
家电品牌,包括,美的(Midea)
家电品牌,包括,西门子(SIEMENS)
家电品牌,包括,长虹(CHANGHONG)
家电品牌,包括,容声(Ronshen)
家电品牌,包括,康佳(KONKA)
家电品牌,包括,惠而浦(Whirlpool)
家电品牌,包括,松下(Panasonic)
家电品牌,包括,飞利浦(PHILIPS)
家电品牌,包括,索尼(SONY)
家电品牌,包括,美菱(MeiLing)
家电品牌,包括,统帅(Leader)
家电品牌,包括,三星(SAMSUNG)
家电品牌,包括,夏普(SHARP)
家电品牌,包括,小鸭(LittleDuck)
家电品牌,包括,LG
家电品牌,包括,华为(HUAWEI)
家电品牌,包括,三洋(SANYO)
家电品牌,包括,威力(WEILI)
家电品牌,包括,东芝(TOSHIBA)
家电品牌,包括,卡萨帝(Casarte)
家电品牌,包括,奥克斯(AUX)
家电品牌,包括,博世(BOSCH)
家电品牌,包括,格力(GREE)
家电品牌,包括,新飞(Frestec)
家电品牌,包括,云米(VIOMI)
家电品牌,包括,志高(CHIGO)
家电品牌,包括,小吉(MINIJ)
家电品牌,包括,大宇(DAEWOO)
家电品牌,包括,比佛利(BEVERLY)
家电品牌,包括,澳柯玛(AUCMA)
家电品牌,包括,上菱
家电品牌,包括,风行电视
家电品牌,包括,华凌
家电品牌,包括,荣事达(Royalstar)
家电品牌,包括,格兰仕(Galanz)
家电品牌,包括,小熊(Bear)
家电品牌,包括,长虹
家电品牌,包括,苏泊尔(SUPOR)
家电品牌,包括,荣耀(honor)
家电品牌,包括,九阳(Joyoung)
家电品牌,包括,樱花(SAKURA)
家电品牌,包括,AOC
家电品牌,包括,申花(SHENHUA)
家电品牌,包括,松岛(sondos)
家电品牌,包括,小浣熊
家电品牌,包括,半球(PESKOE)
家电品牌,包括,象印(ZO JIRUSHI)
家电品牌,包括,LAUGHING-FACE
家电品牌,包括,scandomestic
家电品牌,包括,小鸭牌
家电品牌,包括,上海
家电品牌,包括,欧品(oping)
家电品牌,包括,伊莱特(Enaiter)
家电品牌,包括,北欧欧慕(nathome)
家电品牌,包括,科龙(KELON)
家电品牌,包括,圈厨
家电品牌,包括,山水(SANSUI)
家电品牌,包括,海氏(Hauswirt)
家电品牌,包括,帝而(Dual)
家电品牌,包括,北美电器(ACA)
家电品牌,包括,乾越(qianyue)
家电品牌,包括,麦卓(MAKE JOY)
家电品牌,包括,小南瓜(Little Pumpkin)
家电品牌,包括,珍贡
家电品牌,包括,茉蒂兰
家电品牌,包括,厨之慧(CHUZHIHUI)
家电品牌,包括,TOKIT
家电品牌,包括,Taigroo
家电品牌,包括,ViH
家电品牌,包括,伊莱特(enaiter)
家电品牌,包括,米家
家电品牌,包括,华帝(VATTI)
家电品牌,包括,家实
家电品牌,包括,嘉億(CAREYER)
家电品牌,包括,KWSK
家电品牌,包括,艾桑美
家电品牌,包括,喋喋熊(dipdiphung)
家电品牌,包括,京选
家电品牌,包括,扬子
家电品牌,包括,诗杭(SIAU)
家电品牌,包括,乾越
家电品牌,包括,金正(NINTAUS)
家电品牌,包括,五月树
家电品牌,包括,TER
家电品牌,包括,爱丽思(IRIS)
家电品牌,包括,优卓(YOTRUE)
家电品牌,包括,世雅(SHIYA)
家电品牌,包括,顶壶deskpot
家电品牌,包括,优益(Yoice)
家电品牌,包括,海牌(HAIPAI)
家电品牌,包括,大师傅
家电品牌,包括,向田
家电品牌,包括,maybaum
家电品牌,包括,德能(DENENG)
家电品牌,包括,舌尖绕
家电品牌,包括,浩特(Hotor)
家电品牌,包括,北鼎(Buydeem)
家电品牌,包括,新功(SEKO)
家电品牌,包括,海浪(HAILANG)
家电品牌,包括,欣丽美(Hin Beauty)
家电品牌,包括,欧点(OU)
家电品牌,包括,摩飞电器(Morphyrichards)
家电品牌,包括,巴慕达(BALMUDA)
家电品牌,包括,铂富(Breville)
家电品牌,包括,王牌名典(WANGPAIMINGDIAN)
家电品牌,包括,梓锨(Zixian)
家电品牌,包括,南极人(Nanjiren)
家电品牌,包括,东菱(Donlim)
家电品牌,包括,東季(dotime)
家电品牌,包括,JPENR
家电品牌,包括,IRIS OHYAMA
家电品牌,包括,美庄臣
家电品牌,包括,舒美福(SHUMEIFU)
家电品牌,包括,金四象(Kingimage)
家电品牌,包括,帅人(sazn)
家电品牌,包括,顺睿
家电品牌,包括,创雪(CHUANGXUE)