title,lable
海尔(Haier),newNode
小米(MI),newNode
小天鹅(LittleSwan),newNode
创维(Skyworth),newNode
海信(Hisense),newNode
TCL,newNode
美的(Midea),newNode
西门子(SIEMENS),newNode
长虹(CHANGHONG),newNode
容声(Ronshen),newNode
康佳(KONKA),newNode
惠而浦(Whirlpool),newNode
松下(Panasonic),newNode
飞利浦(PHILIPS),newNode
索尼(SONY),newNode
美菱(MeiLing),newNode
统帅(Leader),newNode
三星(SAMSUNG),newNode
夏普(SHARP),newNode
小鸭(LittleDuck),newNode
LG,newNode
华为(HUAWEI),newNode
三洋(SANYO),newNode
威力(WEILI),newNode
东芝(TOSHIBA),newNode
卡萨帝(Casarte),newNode
奥克斯(AUX),newNode
博世(BOSCH),newNode
格力(GREE),newNode
新飞(Frestec),newNode
云米(VIOMI),newNode
志高(CHIGO),newNode
小吉(MINIJ),newNode
大宇(DAEWOO),newNode
比佛利(BEVERLY),newNode
澳柯玛(AUCMA),newNode
上菱,newNode
风行电视,newNode
华凌,newNode
荣事达(Royalstar),newNode
格兰仕(Galanz),newNode
小熊(Bear),newNode
长虹,newNode
苏泊尔(SUPOR),newNode
荣耀(honor),newNode
九阳(Joyoung),newNode
樱花(SAKURA),newNode
AOC,newNode
申花(SHENHUA),newNode
松岛(sondos),newNode
小浣熊,newNode
半球(PESKOE),newNode
象印(ZO JIRUSHI),newNode
LAUGHING-FACE,newNode
scandomestic,newNode
小鸭牌,newNode
上海,newNode
欧品(oping),newNode
伊莱特(Enaiter),newNode
北欧欧慕(nathome),newNode
科龙(KELON),newNode
圈厨,newNode
山水(SANSUI),newNode
海氏(Hauswirt),newNode
帝而(Dual),newNode
北美电器(ACA),newNode
乾越(qianyue),newNode
麦卓(MAKE JOY),newNode
小南瓜(Little Pumpkin),newNode
珍贡,newNode
茉蒂兰,newNode
厨之慧(CHUZHIHUI),newNode
TOKIT,newNode
Taigroo,newNode
ViH,newNode
伊莱特(enaiter),newNode
米家,newNode
华帝(VATTI),newNode
家实,newNode
嘉億(CAREYER),newNode
KWSK,newNode
艾桑美,newNode
喋喋熊(dipdiphung),newNode
京选,newNode
扬子,newNode
诗杭(SIAU),newNode
乾越,newNode
金正(NINTAUS),newNode
五月树,newNode
TER,newNode
爱丽思(IRIS),newNode
优卓(YOTRUE),newNode
世雅(SHIYA),newNode
顶壶deskpot,newNode
优益(Yoice),newNode
海牌(HAIPAI),newNode
大师傅,newNode
向田,newNode
maybaum,newNode
德能(DENENG),newNode
舌尖绕,newNode
浩特(Hotor),newNode
北鼎(Buydeem),newNode
新功(SEKO),newNode
海浪(HAILANG),newNode
欣丽美(Hin Beauty),newNode
欧点(OU),newNode
摩飞电器(Morphyrichards),newNode
巴慕达(BALMUDA),newNode
铂富(Breville),newNode
王牌名典(WANGPAIMINGDIAN),newNode
梓锨(Zixian),newNode
南极人(Nanjiren),newNode
东菱(Donlim),newNode
東季(dotime),newNode
JPENR,newNode
IRIS OHYAMA,newNode
美庄臣,newNode
舒美福(SHUMEIFU),newNode
金四象(Kingimage),newNode
帅人(sazn),newNode
顺睿,newNode
创雪(CHUANGXUE),newNode
